{
  "appId": "com.namoradavirtual.app",
  "appName": "Namorada Virtual",
  "webDir": "www",
  "plugins": {
    "CapacitorHttp": {
      "enabled": true
    },
    "SplashScreen": {
      "launchShowDuration": 2000,
      "backgroundColor": "#2F3241",
      "androidSplashResourceName": "splash"
    },
    "LocalNotifications": {
      "smallIcon": "ic_launcher_foreground"
    },
    "Filesystem": {
      "enabled": true
    },
    "CapacitorSQLite": {
      "enabled": true
    },
    "server": {
      "allowNavigation": ["http://localhost:*", "http://10.0.0.*:*", "http://192.168.*.*:*"],
      "cleartext": true
    }
  },
  "android": {
    "allowMixedContent": true,
    "includePlugins": ["@capacitor/filesystem", "@capacitor-community/sqlite"],
    "permissions": [
      "android.permission.READ_EXTERNAL_STORAGE",
      "android.permission.WRITE_EXTERNAL_STORAGE"
    ]
  }
}
